Month,Year,State,Total
January,2016,USA,2354
February,2016,USA,2426
March,2016,USA,2694
April,2016,USA,2713
May,2016,USA,3005
June,2016,USA,3025
July,2016,USA,3025
August,2016,USA,3134
September,2016,USA,3154
October,2016,USA,3287
November,2016,USA,3041
December,2016,USA,2890
January,2017,USA,2625
February,2017,USA,2312
March,2017,USA,2689
April,2017,USA,2770
May,2017,USA,2915
June,2017,USA,3032
July,2017,USA,3237
August,2017,USA,2990
September,2017,USA,3108
October,2017,USA,3107
November,2017,USA,2903
December,2017,USA,2872
January,2018,USA,2631
February,2018,USA,2320
March,2018,USA,2615
April,2018,USA,2572
May,2018,USA,2977
June,2018,USA,3026
July,2018,USA,3056
August,2018,USA,3009
September,2018,USA,3064
October,2018,USA,3108
November,2018,USA,2791
December,2018,USA,2750
January,2019,USA,2472
February,2019,USA,2200
March,2019,USA,2540
April,2019,USA,2609
May,2019,USA,2911
June,2019,USA,2915
July,2019,USA,3027
August,2019,USA,3083
September,2019,USA,3070
October,2019,USA,2944
November,2019,USA,2807
December,2019,USA,2666
January,2016,Alabama,65
February,2016,Alabama,68
March,2016,Alabama,79
April,2016,Alabama,62
May,2016,Alabama,94
June,2016,Alabama,90
July,2016,Alabama,70
August,2016,Alabama,87
September,2016,Alabama,90
October,2016,Alabama,105
November,2016,Alabama,79
December,2016,Alabama,85
January,2017,Alabama,67
February,2017,Alabama,57
March,2017,Alabama,71
April,2017,Alabama,81
May,2017,Alabama,88
June,2017,Alabama,76
July,2017,Alabama,69
August,2017,Alabama,76
September,2017,Alabama,73
October,2017,Alabama,73
November,2017,Alabama,58
December,2017,Alabama,75
January,2018,Alabama,82
February,2018,Alabama,65
March,2018,Alabama,74
April,2018,Alabama,77
May,2018,Alabama,68
June,2018,Alabama,62
July,2018,Alabama,75
August,2018,Alabama,76
September,2018,Alabama,68
October,2018,Alabama,89
November,2018,Alabama,77
December,2018,Alabama,63
January,2019,Alabama,75
February,2019,Alabama,45
March,2019,Alabama,73
April,2019,Alabama,60
May,2019,Alabama,83
June,2019,Alabama,80
July,2019,Alabama,70
August,2019,Alabama,71
September,2019,Alabama,70
October,2019,Alabama,93
November,2019,Alabama,65
December,2019,Alabama,71
January,2016,Alaska,6
February,2016,Alaska,4
March,2016,Alaska,2
April,2016,Alaska,7
May,2016,Alaska,6
June,2016,Alaska,8
July,2016,Alaska,9
August,2016,Alaska,8
September,2016,Alaska,6
October,2016,Alaska,7
November,2016,Alaska,9
December,2016,Alaska,6
January,2017,Alaska,10
February,2017,Alaska,4
March,2017,Alaska,2
April,2017,Alaska,3
May,2017,Alaska,7
June,2017,Alaska,9
July,2017,Alaska,5
August,2017,Alaska,9
September,2017,Alaska,6
October,2017,Alaska,7
November,2017,Alaska,6
December,2017,Alaska,7
January,2018,Alaska,5
February,2018,Alaska,1
March,2018,Alaska,7
April,2018,Alaska,4
May,2018,Alaska,5
June,2018,Alaska,6
July,2018,Alaska,11
August,2018,Alaska,5
September,2018,Alaska,8
October,2018,Alaska,8
November,2018,Alaska,5
December,2018,Alaska,4
January,2019,Alaska,7
February,2019,Alaska,2
March,2019,Alaska,5
April,2019,Alaska,4
May,2019,Alaska,3
June,2019,Alaska,7
July,2019,Alaska,5
August,2019,Alaska,4
September,2019,Alaska,5
October,2019,Alaska,6
November,2019,Alaska,6
December,2019,Alaska,8
January,2016,Arizona,64
February,2016,Arizona,62
March,2016,Arizona,71
April,2016,Arizona,86
May,2016,Arizona,66
June,2016,Arizona,84
July,2016,Arizona,67
August,2016,Arizona,72
September,2016,Arizona,80
October,2016,Arizona,66
November,2016,Arizona,73
December,2016,Arizona,65
January,2017,Arizona,75
February,2017,Arizona,66
March,2017,Arizona,69
April,2017,Arizona,72
May,2017,Arizona,87
June,2017,Arizona,69
July,2017,Arizona,89
August,2017,Arizona,66
September,2017,Arizona,83
October,2017,Arizona,85
November,2017,Arizona,75
December,2017,Arizona,81
January,2018,Arizona,90
February,2018,Arizona,69
March,2018,Arizona,84
April,2018,Arizona,86
May,2018,Arizona,79
June,2018,Arizona,69
July,2018,Arizona,77
August,2018,Arizona,58
September,2018,Arizona,81
October,2018,Arizona,80
November,2018,Arizona,64
December,2018,Arizona,81
January,2019,Arizona,80
February,2019,Arizona,68
March,2019,Arizona,81
April,2019,Arizona,91
May,2019,Arizona,75
June,2019,Arizona,68
July,2019,Arizona,78
August,2019,Arizona,67
September,2019,Arizona,70
October,2019,Arizona,84
November,2019,Arizona,85
December,2019,Arizona,63
January,2016,Arkansas,35
February,2016,Arkansas,30
March,2016,Arkansas,41
April,2016,Arkansas,37
May,2016,Arkansas,52
June,2016,Arkansas,46
July,2016,Arkansas,35
August,2016,Arkansas,38
September,2016,Arkansas,51
October,2016,Arkansas,47
November,2016,Arkansas,45
December,2016,Arkansas,47
January,2017,Arkansas,34
February,2017,Arkansas,40
March,2017,Arkansas,33
April,2017,Arkansas,48
May,2017,Arkansas,41
June,2017,Arkansas,47
July,2017,Arkansas,45
August,2017,Arkansas,41
September,2017,Arkansas,41
October,2017,Arkansas,45
November,2017,Arkansas,34
December,2017,Arkansas,37
January,2018,Arkansas,29
February,2018,Arkansas,29
March,2018,Arkansas,40
April,2018,Arkansas,37
May,2018,Arkansas,51
June,2018,Arkansas,49
July,2018,Arkansas,41
August,2018,Arkansas,43
September,2018,Arkansas,49
October,2018,Arkansas,39
November,2018,Arkansas,38
December,2018,Arkansas,31
January,2019,Arkansas,38
February,2019,Arkansas,22
March,2019,Arkansas,34
April,2019,Arkansas,48
May,2019,Arkansas,46
June,2019,Arkansas,38
July,2019,Arkansas,35
August,2019,Arkansas,54
September,2019,Arkansas,48
October,2019,Arkansas,27
November,2019,Arkansas,38
December,2019,Arkansas,39
January,2016,California,225
February,2016,California,275
March,2016,California,267
April,2016,California,279
May,2016,California,296
June,2016,California,290
July,2016,California,307
August,2016,California,314
September,2016,California,319
October,2016,California,321
November,2016,California,319
December,2016,California,328
January,2017,California,270
February,2017,California,250
March,2017,California,282
April,2017,California,273
May,2017,California,302
June,2017,California,308
July,2017,California,320
August,2017,California,290
September,2017,California,315
October,2017,California,314
November,2017,California,325
December,2017,California,320
January,2018,California,312
February,2018,California,258
March,2018,California,287
April,2018,California,264
May,2018,California,287
June,2018,California,274
July,2018,California,283
August,2018,California,299
September,2018,California,312
October,2018,California,291
November,2018,California,317
December,2018,California,301
January,2019,California,282
February,2019,California,232
March,2019,California,253
April,2019,California,250
May,2019,California,271
June,2019,California,295
July,2019,California,281
August,2019,California,303
September,2019,California,284
October,2019,California,288
November,2019,California,309
December,2019,California,268
January,2016,Colorado,29
February,2016,Colorado,26
March,2016,Colorado,39
April,2016,Colorado,39
May,2016,Colorado,46
June,2016,Colorado,63
July,2016,Colorado,67
August,2016,Colorado,57
September,2016,Colorado,72
October,2016,Colorado,55
November,2016,Colorado,37
December,2016,Colorado,28
January,2017,Colorado,40
February,2017,Colorado,30
March,2017,Colorado,41
April,2017,Colorado,48
May,2017,Colorado,51
June,2017,Colorado,68
July,2017,Colorado,61
August,2017,Colorado,62
September,2017,Colorado,52
October,2017,Colorado,47
November,2017,Colorado,53
December,2017,Colorado,47
January,2018,Colorado,44
February,2018,Colorado,28
March,2018,Colorado,38
April,2018,Colorado,46
May,2018,Colorado,51
June,2018,Colorado,64
July,2018,Colorado,56
August,2018,Colorado,61
September,2018,Colorado,58
October,2018,Colorado,53
November,2018,Colorado,40
December,2018,Colorado,49
January,2019,Colorado,32
February,2019,Colorado,25
March,2019,Colorado,39
April,2019,Colorado,46
May,2019,Colorado,42
June,2019,Colorado,52
July,2019,Colorado,60
August,2019,Colorado,69
September,2019,Colorado,48
October,2019,Colorado,45
November,2019,Colorado,49
December,2019,Colorado,37
January,2016,Connecticut,22
February,2016,Connecticut,19
March,2016,Connecticut,21
April,2016,Connecticut,21
May,2016,Connecticut,25
June,2016,Connecticut,24
July,2016,Connecticut,28
August,2016,Connecticut,24
September,2016,Connecticut,27
October,2016,Connecticut,28
November,2016,Connecticut,19
December,2016,Connecticut,34
January,2017,Connecticut,22
February,2017,Connecticut,16
March,2017,Connecticut,16
April,2017,Connecticut,29
May,2017,Connecticut,27
June,2017,Connecticut,26
July,2017,Connecticut,19
August,2017,Connecticut,17
September,2017,Connecticut,30
October,2017,Connecticut,15
November,2017,Connecticut,23
December,2017,Connecticut,23
January,2018,Connecticut,17
February,2018,Connecticut,19
March,2018,Connecticut,14
April,2018,Connecticut,25
May,2018,Connecticut,24
June,2018,Connecticut,25
July,2018,Connecticut,32
August,2018,Connecticut,27
September,2018,Connecticut,21
October,2018,Connecticut,23
November,2018,Connecticut,27
December,2018,Connecticut,21
January,2019,Connecticut,20
February,2019,Connecticut,11
March,2019,Connecticut,14
April,2019,Connecticut,10
May,2019,Connecticut,18
June,2019,Connecticut,21
July,2019,Connecticut,28
August,2019,Connecticut,36
September,2019,Connecticut,21
October,2019,Connecticut,26
November,2019,Connecticut,16
December,2019,Connecticut,12
January,2016,Delaware,11
February,2016,Delaware,7
March,2016,Delaware,10
April,2016,Delaware,10
May,2016,Delaware,7
June,2016,Delaware,11
July,2016,Delaware,12
August,2016,Delaware,9
September,2016,Delaware,13
October,2016,Delaware,11
November,2016,Delaware,8
December,2016,Delaware,7
January,2017,Delaware,7
February,2017,Delaware,7
March,2017,Delaware,7
April,2017,Delaware,6
May,2017,Delaware,6
June,2017,Delaware,8
July,2017,Delaware,10
August,2017,Delaware,10
September,2017,Delaware,19
October,2017,Delaware,10
November,2017,Delaware,11
December,2017,Delaware,11
January,2018,Delaware,7
February,2018,Delaware,4
March,2018,Delaware,9
April,2018,Delaware,8
May,2018,Delaware,13
June,2018,Delaware,4
July,2018,Delaware,13
August,2018,Delaware,10
September,2018,Delaware,7
October,2018,Delaware,8
November,2018,Delaware,9
December,2018,Delaware,12
January,2019,Delaware,5
February,2019,Delaware,5
March,2019,Delaware,9
April,2019,Delaware,5
May,2019,Delaware,13
June,2019,Delaware,8
July,2019,Delaware,15
August,2019,Delaware,12
September,2019,Delaware,17
October,2019,Delaware,15
November,2019,Delaware,9
December,2019,Delaware,9
January,2016,District of Columbia,1
February,2016,District of Columbia,1
March,2016,District of Columbia,1
April,2016,District of Columbia,3
May,2016,District of Columbia,0
June,2016,District of Columbia,3
July,2016,District of Columbia,3
August,2016,District of Columbia,4
September,2016,District of Columbia,4
October,2016,District of Columbia,4
November,2016,District of Columbia,0
December,2016,District of Columbia,2
January,2017,District of Columbia,3
February,2017,District of Columbia,1
March,2017,District of Columbia,1
April,2017,District of Columbia,2
May,2017,District of Columbia,3
June,2017,District of Columbia,5
July,2017,District of Columbia,1
August,2017,District of Columbia,4
September,2017,District of Columbia,1
October,2017,District of Columbia,4
November,2017,District of Columbia,1
December,2017,District of Columbia,3
January,2018,District of Columbia,1
February,2018,District of Columbia,0
March,2018,District of Columbia,4
April,2018,District of Columbia,1
May,2018,District of Columbia,4
June,2018,District of Columbia,2
July,2018,District of Columbia,5
August,2018,District of Columbia,1
September,2018,District of Columbia,5
October,2018,District of Columbia,4
November,2018,District of Columbia,0
December,2018,District of Columbia,3
January,2019,District of Columbia,0
February,2019,District of Columbia,2
March,2019,District of Columbia,1
April,2019,District of Columbia,5
May,2019,District of Columbia,3
June,2019,District of Columbia,0
July,2019,District of Columbia,0
August,2019,District of Columbia,2
September,2019,District of Columbia,1
October,2019,District of Columbia,4
November,2019,District of Columbia,2
December,2019,District of Columbia,2
January,2016,Florida,225
February,2016,Florida,211
March,2016,Florida,273
April,2016,Florida,248
May,2016,Florida,271
June,2016,Florida,232
July,2016,Florida,224
August,2016,Florida,245
September,2016,Florida,220
October,2016,Florida,261
November,2016,Florida,242
December,2016,Florida,283
January,2017,Florida,271
February,2017,Florida,211
March,2017,Florida,281
April,2017,Florida,255
May,2017,Florida,249
June,2017,Florida,240
July,2017,Florida,240
August,2017,Florida,197
September,2017,Florida,216
October,2017,Florida,221
November,2017,Florida,257
December,2017,Florida,287
January,2018,Florida,261
February,2018,Florida,231
March,2018,Florida,270
April,2018,Florida,245
May,2018,Florida,244
June,2018,Florida,234
July,2018,Florida,183
August,2018,Florida,210
September,2018,Florida,240
October,2018,Florida,283
November,2018,Florida,223
December,2018,Florida,293
January,2019,Florida,231
February,2019,Florida,265
March,2019,Florida,295
April,2019,Florida,255
May,2019,Florida,264
June,2019,Florida,234
July,2019,Florida,213
August,2019,Florida,220
September,2019,Florida,225
October,2019,Florida,219
November,2019,Florida,272
December,2019,Florida,257
January,2016,Georgia,99
February,2016,Georgia,109
March,2016,Georgia,122
April,2016,Georgia,115
May,2016,Georgia,117
June,2016,Georgia,105
July,2016,Georgia,112
August,2016,Georgia,130
September,2016,Georgia,146
October,2016,Georgia,126
November,2016,Georgia,131
December,2016,Georgia,112
January,2017,Georgia,117
February,2017,Georgia,111
March,2017,Georgia,124
April,2017,Georgia,112
May,2017,Georgia,135
June,2017,Georgia,109
July,2017,Georgia,133
August,2017,Georgia,119
September,2017,Georgia,123
October,2017,Georgia,126
November,2017,Georgia,115
December,2017,Georgia,116
January,2018,Georgia,95
February,2018,Georgia,111
March,2018,Georgia,119
April,2018,Georgia,109
May,2018,Georgia,134
June,2018,Georgia,123
July,2018,Georgia,123
August,2018,Georgia,108
September,2018,Georgia,117
October,2018,Georgia,124
November,2018,Georgia,117
December,2018,Georgia,128
January,2019,Georgia,121
February,2019,Georgia,91
March,2019,Georgia,132
April,2019,Georgia,104
May,2019,Georgia,129
June,2019,Georgia,110
July,2019,Georgia,111
August,2019,Georgia,130
September,2019,Georgia,123
October,2019,Georgia,97
November,2019,Georgia,120
December,2019,Georgia,109
January,2016,Hawaii,7
February,2016,Hawaii,5
March,2016,Hawaii,10
April,2016,Hawaii,11
May,2016,Hawaii,7
June,2016,Hawaii,6
July,2016,Hawaii,11
August,2016,Hawaii,12
September,2016,Hawaii,8
October,2016,Hawaii,11
November,2016,Hawaii,10
December,2016,Hawaii,11
January,2017,Hawaii,9
February,2017,Hawaii,5
March,2017,Hawaii,9
April,2017,Hawaii,8
May,2017,Hawaii,11
June,2017,Hawaii,5
July,2017,Hawaii,3
August,2017,Hawaii,10
September,2017,Hawaii,7
October,2017,Hawaii,8
November,2017,Hawaii,8
December,2017,Hawaii,13
January,2018,Hawaii,7
February,2018,Hawaii,6
March,2018,Hawaii,10
April,2018,Hawaii,5
May,2018,Hawaii,8
June,2018,Hawaii,10
July,2018,Hawaii,15
August,2018,Hawaii,8
September,2018,Hawaii,15
October,2018,Hawaii,9
November,2018,Hawaii,7
December,2018,Hawaii,10
January,2019,Hawaii,12
February,2019,Hawaii,10
March,2019,Hawaii,8
April,2019,Hawaii,5
May,2019,Hawaii,11
June,2019,Hawaii,11
July,2019,Hawaii,6
August,2019,Hawaii,6
September,2019,Hawaii,2
October,2019,Hawaii,7
November,2019,Hawaii,17
December,2019,Hawaii,7
January,2016,Idaho,10
February,2016,Idaho,11
March,2016,Idaho,13
April,2016,Idaho,18
May,2016,Idaho,21
June,2016,Idaho,29
July,2016,Idaho,24
August,2016,Idaho,24
September,2016,Idaho,24
October,2016,Idaho,24
November,2016,Idaho,21
December,2016,Idaho,13
January,2017,Idaho,8
February,2017,Idaho,8
March,2017,Idaho,10
April,2017,Idaho,18
May,2017,Idaho,26
June,2017,Idaho,29
July,2017,Idaho,25
August,2017,Idaho,20
September,2017,Idaho,19
October,2017,Idaho,22
November,2017,Idaho,16
December,2017,Idaho,23
January,2018,Idaho,10
February,2018,Idaho,11
March,2018,Idaho,9
April,2018,Idaho,16
May,2018,Idaho,18
June,2018,Idaho,28
July,2018,Idaho,28
August,2018,Idaho,27
September,2018,Idaho,24
October,2018,Idaho,21
November,2018,Idaho,9
December,2018,Idaho,14
January,2019,Idaho,8
February,2019,Idaho,17
March,2019,Idaho,11
April,2019,Idaho,13
May,2019,Idaho,17
June,2019,Idaho,18
July,2019,Idaho,30
August,2019,Idaho,25
September,2019,Idaho,16
October,2019,Idaho,18
November,2019,Idaho,13
December,2019,Idaho,15
January,2016,Illinois,76
February,2016,Illinois,74
March,2016,Illinois,77
April,2016,Illinois,70
May,2016,Illinois,96
June,2016,Illinois,80
July,2016,Illinois,90
August,2016,Illinois,105
September,2016,Illinois,79
October,2016,Illinois,105
November,2016,Illinois,78
December,2016,Illinois,70
January,2017,Illinois,63
February,2017,Illinois,70
March,2017,Illinois,58
April,2017,Illinois,83
May,2017,Illinois,94
June,2017,Illinois,101
July,2017,Illinois,102
August,2017,Illinois,103
September,2017,Illinois,98
October,2017,Illinois,81
November,2017,Illinois,73
December,2017,Illinois,72
January,2018,Illinois,87
February,2018,Illinois,54
March,2018,Illinois,71
April,2018,Illinois,68
May,2018,Illinois,95
June,2018,Illinois,77
July,2018,Illinois,104
August,2018,Illinois,89
September,2018,Illinois,94
October,2018,Illinois,68
November,2018,Illinois,77
December,2018,Illinois,67
January,2019,Illinois,51
February,2019,Illinois,42
March,2019,Illinois,73
April,2019,Illinois,81
May,2019,Illinois,78
June,2019,Illinois,84
July,2019,Illinois,99
August,2019,Illinois,107
September,2019,Illinois,80
October,2019,Illinois,90
November,2019,Illinois,84
December,2019,Illinois,69
January,2016,Indiana,51
February,2016,Indiana,53
March,2016,Indiana,65
April,2016,Indiana,56
May,2016,Indiana,63
June,2016,Indiana,66
July,2016,Indiana,69
August,2016,Indiana,60
September,2016,Indiana,70
October,2016,Indiana,72
November,2016,Indiana,78
December,2016,Indiana,73
January,2017,Indiana,50
February,2017,Indiana,50
March,2017,Indiana,75
April,2017,Indiana,59
May,2017,Indiana,76
June,2017,Indiana,96
July,2017,Indiana,94
August,2017,Indiana,69
September,2017,Indiana,75
October,2017,Indiana,73
November,2017,Indiana,59
December,2017,Indiana,62
January,2018,Indiana,52
February,2018,Indiana,56
March,2018,Indiana,64
April,2018,Indiana,48
May,2018,Indiana,74
June,2018,Indiana,56
July,2018,Indiana,74
August,2018,Indiana,72
September,2018,Indiana,75
October,2018,Indiana,74
November,2018,Indiana,55
December,2018,Indiana,76
January,2019,Indiana,40
February,2019,Indiana,63
March,2019,Indiana,45
April,2019,Indiana,54
May,2019,Indiana,66
June,2019,Indiana,69
July,2019,Indiana,73
August,2019,Indiana,70
September,2019,Indiana,77
October,2019,Indiana,70
November,2019,Indiana,61
December,2019,Indiana,63
January,2016,Iowa,24
February,2016,Iowa,16
March,2016,Iowa,22
April,2016,Iowa,31
May,2016,Iowa,35
June,2016,Iowa,36
July,2016,Iowa,30
August,2016,Iowa,35
September,2016,Iowa,30
October,2016,Iowa,36
November,2016,Iowa,32
December,2016,Iowa,28
January,2017,Iowa,19
February,2017,Iowa,18
March,2017,Iowa,21
April,2017,Iowa,21
May,2017,Iowa,20
June,2017,Iowa,28
July,2017,Iowa,31
August,2017,Iowa,35
September,2017,Iowa,40
October,2017,Iowa,29
November,2017,Iowa,15
December,2017,Iowa,24
January,2018,Iowa,22
February,2018,Iowa,21
March,2018,Iowa,12
April,2018,Iowa,25
May,2018,Iowa,22
June,2018,Iowa,36
July,2018,Iowa,32
August,2018,Iowa,30
September,2018,Iowa,21
October,2018,Iowa,23
November,2018,Iowa,25
December,2018,Iowa,22
January,2019,Iowa,19
February,2019,Iowa,17
March,2019,Iowa,18
April,2019,Iowa,21
May,2019,Iowa,27
June,2019,Iowa,34
July,2019,Iowa,28
August,2019,Iowa,30
September,2019,Iowa,39
October,2019,Iowa,21
November,2019,Iowa,32
December,2019,Iowa,27
January,2016,Kansas,23
February,2016,Kansas,28
March,2016,Kansas,25
April,2016,Kansas,32
May,2016,Kansas,30
June,2016,Kansas,30
July,2016,Kansas,41
August,2016,Kansas,26
September,2016,Kansas,38
October,2016,Kansas,28
November,2016,Kansas,48
December,2016,Kansas,32
January,2017,Kansas,32
February,2017,Kansas,23
March,2017,Kansas,42
April,2017,Kansas,29
May,2017,Kansas,30
June,2017,Kansas,41
July,2017,Kansas,44
August,2017,Kansas,31
September,2017,Kansas,44
October,2017,Kansas,33
November,2017,Kansas,30
December,2017,Kansas,28
January,2018,Kansas,32
February,2018,Kansas,23
March,2018,Kansas,25
April,2018,Kansas,32
May,2018,Kansas,32
June,2018,Kansas,43
July,2018,Kansas,32
August,2018,Kansas,29
September,2018,Kansas,32
October,2018,Kansas,29
November,2018,Kansas,28
December,2018,Kansas,30
January,2019,Kansas,29
February,2019,Kansas,21
March,2019,Kansas,32
April,2019,Kansas,32
May,2019,Kansas,32
June,2019,Kansas,29
July,2019,Kansas,40
August,2019,Kansas,31
September,2019,Kansas,26
October,2019,Kansas,36
November,2019,Kansas,27
December,2019,Kansas,27
January,2016,Kentucky,50
February,2016,Kentucky,48
March,2016,Kentucky,48
April,2016,Kentucky,71
May,2016,Kentucky,67
June,2016,Kentucky,69
July,2016,Kentucky,67
August,2016,Kentucky,66
September,2016,Kentucky,73
October,2016,Kentucky,80
November,2016,Kentucky,59
December,2016,Kentucky,65
January,2017,Kentucky,34
February,2017,Kentucky,60
March,2017,Kentucky,67
April,2017,Kentucky,57
May,2017,Kentucky,56
June,2017,Kentucky,60
July,2017,Kentucky,58
August,2017,Kentucky,71
September,2017,Kentucky,62
October,2017,Kentucky,84
November,2017,Kentucky,63
December,2017,Kentucky,49
January,2018,Kentucky,39
February,2018,Kentucky,44
March,2018,Kentucky,48
April,2018,Kentucky,46
May,2018,Kentucky,59
June,2018,Kentucky,55
July,2018,Kentucky,74
August,2018,Kentucky,65
September,2018,Kentucky,63
October,2018,Kentucky,68
November,2018,Kentucky,51
December,2018,Kentucky,52
January,2019,Kentucky,42
February,2019,Kentucky,49
March,2019,Kentucky,50
April,2019,Kentucky,51
May,2019,Kentucky,69
June,2019,Kentucky,56
July,2019,Kentucky,70
August,2019,Kentucky,73
September,2019,Kentucky,67
October,2019,Kentucky,49
November,2019,Kentucky,44
December,2019,Kentucky,47
January,2016,Louisiana,54
February,2016,Louisiana,51
March,2016,Louisiana,58
April,2016,Louisiana,63
May,2016,Louisiana,69
June,2016,Louisiana,51
July,2016,Louisiana,50
August,2016,Louisiana,62
September,2016,Louisiana,71
October,2016,Louisiana,65
November,2016,Louisiana,55
December,2016,Louisiana,55
January,2017,Louisiana,56
February,2017,Louisiana,48
March,2017,Louisiana,69
April,2017,Louisiana,74
May,2017,Louisiana,70
June,2017,Louisiana,58
July,2017,Louisiana,48
August,2017,Louisiana,53
September,2017,Louisiana,55
October,2017,Louisiana,57
November,2017,Louisiana,57
December,2017,Louisiana,60
January,2018,Louisiana,48
February,2018,Louisiana,46
March,2018,Louisiana,58
April,2018,Louisiana,62
May,2018,Louisiana,66
June,2018,Louisiana,69
July,2018,Louisiana,52
August,2018,Louisiana,66
September,2018,Louisiana,68
October,2018,Louisiana,69
November,2018,Louisiana,56
December,2018,Louisiana,59
January,2019,Louisiana,44
February,2019,Louisiana,49
March,2019,Louisiana,43
April,2019,Louisiana,65
May,2019,Louisiana,67
June,2019,Louisiana,57
July,2019,Louisiana,58
August,2019,Louisiana,59
September,2019,Louisiana,61
October,2019,Louisiana,60
November,2019,Louisiana,55
December,2019,Louisiana,63
January,2016,Maine,8
February,2016,Maine,8
March,2016,Maine,13
April,2016,Maine,8
May,2016,Maine,13
June,2016,Maine,9
July,2016,Maine,13
August,2016,Maine,12
September,2016,Maine,16
October,2016,Maine,14
November,2016,Maine,21
December,2016,Maine,15
January,2017,Maine,14
February,2017,Maine,8
March,2017,Maine,5
April,2017,Maine,7
May,2017,Maine,12
June,2017,Maine,14
July,2017,Maine,12
August,2017,Maine,22
September,2017,Maine,27
October,2017,Maine,18
November,2017,Maine,13
December,2017,Maine,11
January,2018,Maine,7
February,2018,Maine,2
March,2018,Maine,3
April,2018,Maine,10
May,2018,Maine,16
June,2018,Maine,15
July,2018,Maine,11
August,2018,Maine,16
September,2018,Maine,15
October,2018,Maine,13
November,2018,Maine,10
December,2018,Maine,9
January,2019,Maine,11
February,2019,Maine,6
March,2019,Maine,5
April,2019,Maine,11
May,2019,Maine,12
June,2019,Maine,17
July,2019,Maine,24
August,2019,Maine,16
September,2019,Maine,13
October,2019,Maine,10
November,2019,Maine,8
December,2019,Maine,10
January,2016,Maryland,28
February,2016,Maryland,47
March,2016,Maryland,29
April,2016,Maryland,44
May,2016,Maryland,32
June,2016,Maryland,42
July,2016,Maryland,48
August,2016,Maryland,48
September,2016,Maryland,36
October,2016,Maryland,43
November,2016,Maryland,39
December,2016,Maryland,48
January,2017,Maryland,40
February,2017,Maryland,33
March,2017,Maryland,45
April,2017,Maryland,43
May,2017,Maryland,37
June,2017,Maryland,46
July,2017,Maryland,54
August,2017,Maryland,45
September,2017,Maryland,47
October,2017,Maryland,44
November,2017,Maryland,36
December,2017,Maryland,48
January,2018,Maryland,31
February,2018,Maryland,32
March,2018,Maryland,33
April,2018,Maryland,38
May,2018,Maryland,52
June,2018,Maryland,50
July,2018,Maryland,27
August,2018,Maryland,44
September,2018,Maryland,45
October,2018,Maryland,50
November,2018,Maryland,44
December,2018,Maryland,39
January,2019,Maryland,32
February,2019,Maryland,38
March,2019,Maryland,34
April,2019,Maryland,37
May,2019,Maryland,43
June,2019,Maryland,37
July,2019,Maryland,44
August,2019,Maryland,52
September,2019,Maryland,56
October,2019,Maryland,37
November,2019,Maryland,35
December,2019,Maryland,39
January,2016,Massachusetts,25
February,2016,Massachusetts,24
March,2016,Massachusetts,23
April,2016,Massachusetts,27
May,2016,Massachusetts,31
June,2016,Massachusetts,30
July,2016,Massachusetts,30
August,2016,Massachusetts,35
September,2016,Massachusetts,28
October,2016,Massachusetts,41
November,2016,Massachusetts,35
December,2016,Massachusetts,27
January,2017,Massachusetts,31
February,2017,Massachusetts,26
March,2017,Massachusetts,25
April,2017,Massachusetts,33
May,2017,Massachusetts,26
June,2017,Massachusetts,24
July,2017,Massachusetts,34
August,2017,Massachusetts,30
September,2017,Massachusetts,28
October,2017,Massachusetts,29
November,2017,Massachusetts,25
December,2017,Massachusetts,22
January,2018,Massachusetts,34
February,2018,Massachusetts,24
March,2018,Massachusetts,15
April,2018,Massachusetts,35
May,2018,Massachusetts,27
June,2018,Massachusetts,30
July,2018,Massachusetts,35
August,2018,Massachusetts,26
September,2018,Massachusetts,28
October,2018,Massachusetts,27
November,2018,Massachusetts,28
December,2018,Massachusetts,29
January,2019,Massachusetts,21
February,2019,Massachusetts,27
March,2019,Massachusetts,26
April,2019,Massachusetts,25
May,2019,Massachusetts,20
June,2019,Massachusetts,34
July,2019,Massachusetts,28
August,2019,Massachusetts,25
September,2019,Massachusetts,34
October,2019,Massachusetts,25
November,2019,Massachusetts,31
December,2019,Massachusetts,25
January,2016,Michigan,58
February,2016,Michigan,65
March,2016,Michigan,41
April,2016,Michigan,85
May,2016,Michigan,69
June,2016,Michigan,96
July,2016,Michigan,88
August,2016,Michigan,98
September,2016,Michigan,111
October,2016,Michigan,99
November,2016,Michigan,93
December,2016,Michigan,78
January,2017,Michigan,72
February,2017,Michigan,52
March,2017,Michigan,71
April,2017,Michigan,72
May,2017,Michigan,76
June,2017,Michigan,99
July,2017,Michigan,90
August,2017,Michigan,84
September,2017,Michigan,91
October,2017,Michigan,75
November,2017,Michigan,81
December,2017,Michigan,77
January,2018,Michigan,49
February,2018,Michigan,57
March,2018,Michigan,60
April,2018,Michigan,67
May,2018,Michigan,79
June,2018,Michigan,75
July,2018,Michigan,83
August,2018,Michigan,123
September,2018,Michigan,110
October,2018,Michigan,76
November,2018,Michigan,66
December,2018,Michigan,62
January,2019,Michigan,70
February,2019,Michigan,50
March,2019,Michigan,62
April,2019,Michigan,61
May,2019,Michigan,81
June,2019,Michigan,75
July,2019,Michigan,95
August,2019,Michigan,86
September,2019,Michigan,80
October,2019,Michigan,105
November,2019,Michigan,71
December,2019,Michigan,66
January,2016,Minnesota,23
February,2016,Minnesota,22
March,2016,Minnesota,25
April,2016,Minnesota,27
May,2016,Minnesota,28
June,2016,Minnesota,34
July,2016,Minnesota,32
August,2016,Minnesota,30
September,2016,Minnesota,33
October,2016,Minnesota,39
November,2016,Minnesota,35
December,2016,Minnesota,29
January,2017,Minnesota,23
February,2017,Minnesota,21
March,2017,Minnesota,18
April,2017,Minnesota,24
May,2017,Minnesota,29
June,2017,Minnesota,39
July,2017,Minnesota,34
August,2017,Minnesota,35
September,2017,Minnesota,35
October,2017,Minnesota,40
November,2017,Minnesota,18
December,2017,Minnesota,25
January,2018,Minnesota,22
February,2018,Minnesota,17
March,2018,Minnesota,17
April,2018,Minnesota,23
May,2018,Minnesota,33
June,2018,Minnesota,31
July,2018,Minnesota,35
August,2018,Minnesota,32
September,2018,Minnesota,40
October,2018,Minnesota,40
November,2018,Minnesota,29
December,2018,Minnesota,30
January,2019,Minnesota,24
February,2019,Minnesota,16
March,2019,Minnesota,21
April,2019,Minnesota,17
May,2019,Minnesota,24
June,2019,Minnesota,39
July,2019,Minnesota,35
August,2019,Minnesota,38
September,2019,Minnesota,28
October,2019,Minnesota,40
November,2019,Minnesota,27
December,2019,Minnesota,24
January,2016,Mississippi,38
February,2016,Mississippi,43
March,2016,Mississippi,55
April,2016,Mississippi,39
May,2016,Mississippi,73
June,2016,Mississippi,57
July,2016,Mississippi,56
August,2016,Mississippi,48
September,2016,Mississippi,49
October,2016,Mississippi,67
November,2016,Mississippi,53
December,2016,Mississippi,47
January,2017,Mississippi,50
February,2017,Mississippi,40
March,2017,Mississippi,51
April,2017,Mississippi,49
May,2017,Mississippi,52
June,2017,Mississippi,50
July,2017,Mississippi,45
August,2017,Mississippi,45
September,2017,Mississippi,60
October,2017,Mississippi,56
November,2017,Mississippi,53
December,2017,Mississippi,58
January,2018,Mississippi,50
February,2018,Mississippi,41
March,2018,Mississippi,50
April,2018,Mississippi,46
May,2018,Mississippi,54
June,2018,Mississippi,50
July,2018,Mississippi,47
August,2018,Mississippi,50
September,2018,Mississippi,38
October,2018,Mississippi,71
November,2018,Mississippi,60
December,2018,Mississippi,39
January,2019,Mississippi,42
February,2019,Mississippi,40
March,2019,Mississippi,40
April,2019,Mississippi,56
May,2019,Mississippi,64
June,2019,Mississippi,42
July,2019,Mississippi,48
August,2019,Mississippi,59
September,2019,Mississippi,52
October,2019,Mississippi,47
November,2019,Mississippi,43
December,2019,Mississippi,48
January,2016,Missouri,59
February,2016,Missouri,52
March,2016,Missouri,72
April,2016,Missouri,69
May,2016,Missouri,61
June,2016,Missouri,74
July,2016,Missouri,77
August,2016,Missouri,71
September,2016,Missouri,109
October,2016,Missouri,83
November,2016,Missouri,70
December,2016,Missouri,75
January,2017,Missouri,60
February,2017,Missouri,54
March,2017,Missouri,74
April,2017,Missouri,71
May,2017,Missouri,58
June,2017,Missouri,78
July,2017,Missouri,78
August,2017,Missouri,81
September,2017,Missouri,75
October,2017,Missouri,81
November,2017,Missouri,78
December,2017,Missouri,77
January,2018,Missouri,63
February,2018,Missouri,51
March,2018,Missouri,60
April,2018,Missouri,62
May,2018,Missouri,87
June,2018,Missouri,73
July,2018,Missouri,78
August,2018,Missouri,97
September,2018,Missouri,82
October,2018,Missouri,67
November,2018,Missouri,62
December,2018,Missouri,66
January,2019,Missouri,55
February,2019,Missouri,51
March,2019,Missouri,47
April,2019,Missouri,60
May,2019,Missouri,58
June,2019,Missouri,81
July,2019,Missouri,84
August,2019,Missouri,92
September,2019,Missouri,73
October,2019,Missouri,79
November,2019,Missouri,71
December,2019,Missouri,67
January,2016,Montana,6
February,2016,Montana,16
March,2016,Montana,17
April,2016,Montana,10
May,2016,Montana,12
June,2016,Montana,11
July,2016,Montana,26
August,2016,Montana,23
September,2016,Montana,19
October,2016,Montana,11
November,2016,Montana,15
December,2016,Montana,5
January,2017,Montana,7
February,2017,Montana,11
March,2017,Montana,9
April,2017,Montana,8
May,2017,Montana,22
June,2017,Montana,15
July,2017,Montana,24
August,2017,Montana,21
September,2017,Montana,16
October,2017,Montana,15
November,2017,Montana,8
December,2017,Montana,13
January,2018,Montana,13
February,2018,Montana,6
March,2018,Montana,2
April,2018,Montana,17
May,2018,Montana,9
June,2018,Montana,15
July,2018,Montana,26
August,2018,Montana,19
September,2018,Montana,15
October,2018,Montana,14
November,2018,Montana,16
December,2018,Montana,15
January,2019,Montana,12
February,2019,Montana,4
March,2019,Montana,4
April,2019,Montana,11
May,2019,Montana,18
June,2019,Montana,21
July,2019,Montana,23
August,2019,Montana,26
September,2019,Montana,17
October,2019,Montana,10
November,2019,Montana,10
December,2019,Montana,10
January,2016,Nebraska,14
February,2016,Nebraska,7
March,2016,Nebraska,14
April,2016,Nebraska,16
May,2016,Nebraska,16
June,2016,Nebraska,24
July,2016,Nebraska,20
August,2016,Nebraska,22
September,2016,Nebraska,17
October,2016,Nebraska,14
November,2016,Nebraska,10
December,2016,Nebraska,20
January,2017,Nebraska,20
February,2017,Nebraska,15
March,2017,Nebraska,15
April,2017,Nebraska,10
May,2017,Nebraska,13
June,2017,Nebraska,20
July,2017,Nebraska,22
August,2017,Nebraska,26
September,2017,Nebraska,16
October,2017,Nebraska,14
November,2017,Nebraska,20
December,2017,Nebraska,19
January,2018,Nebraska,13
February,2018,Nebraska,13
March,2018,Nebraska,15
April,2018,Nebraska,13
May,2018,Nebraska,23
June,2018,Nebraska,11
July,2018,Nebraska,23
August,2018,Nebraska,11
September,2018,Nebraska,25
October,2018,Nebraska,22
November,2018,Nebraska,17
December,2018,Nebraska,15
January,2019,Nebraska,8
February,2019,Nebraska,15
March,2019,Nebraska,15
April,2019,Nebraska,17
May,2019,Nebraska,20
June,2019,Nebraska,20
July,2019,Nebraska,16
August,2019,Nebraska,23
September,2019,Nebraska,23
October,2019,Nebraska,21
November,2019,Nebraska,19
December,2019,Nebraska,15
January,2016,Nevada,24
February,2016,Nevada,23
March,2016,Nevada,22
April,2016,Nevada,25
May,2016,Nevada,21
June,2016,Nevada,22
July,2016,Nevada,27
August,2016,Nevada,31
September,2016,Nevada,30
October,2016,Nevada,33
November,2016,Nevada,23
December,2016,Nevada,23
January,2017,Nevada,31
February,2017,Nevada,21
March,2017,Nevada,22
April,2017,Nevada,25
May,2017,Nevada,23
June,2017,Nevada,24
July,2017,Nevada,26
August,2017,Nevada,15
September,2017,Nevada,33
October,2017,Nevada,25
November,2017,Nevada,26
December,2017,Nevada,21
January,2018,Nevada,20
February,2018,Nevada,27
March,2018,Nevada,28
April,2018,Nevada,18
May,2018,Nevada,25
June,2018,Nevada,26
July,2018,Nevada,26
August,2018,Nevada,32
September,2018,Nevada,34
October,2018,Nevada,25
November,2018,Nevada,17
December,2018,Nevada,21
January,2019,Nevada,22
February,2019,Nevada,18
March,2019,Nevada,23
April,2019,Nevada,23
May,2019,Nevada,27
June,2019,Nevada,19
July,2019,Nevada,22
August,2019,Nevada,24
September,2019,Nevada,27
October,2019,Nevada,21
November,2019,Nevada,27
December,2019,Nevada,32
January,2016,New Hampshire,12
February,2016,New Hampshire,1
March,2016,New Hampshire,10
April,2016,New Hampshire,12
May,2016,New Hampshire,11
June,2016,New Hampshire,11
July,2016,New Hampshire,16
August,2016,New Hampshire,9
September,2016,New Hampshire,14
October,2016,New Hampshire,13
November,2016,New Hampshire,14
December,2016,New Hampshire,7
January,2017,New Hampshire,8
February,2017,New Hampshire,7
March,2017,New Hampshire,9
April,2017,New Hampshire,8
May,2017,New Hampshire,11
June,2017,New Hampshire,9
July,2017,New Hampshire,9
August,2017,New Hampshire,2
September,2017,New Hampshire,13
October,2017,New Hampshire,8
November,2017,New Hampshire,6
December,2017,New Hampshire,8
January,2018,New Hampshire,7
February,2018,New Hampshire,5
March,2018,New Hampshire,7
April,2018,New Hampshire,9
May,2018,New Hampshire,11
June,2018,New Hampshire,12
July,2018,New Hampshire,20
August,2018,New Hampshire,11
September,2018,New Hampshire,15
October,2018,New Hampshire,10
November,2018,New Hampshire,15
December,2018,New Hampshire,12
January,2019,New Hampshire,5
February,2019,New Hampshire,4
March,2019,New Hampshire,4
April,2019,New Hampshire,6
May,2019,New Hampshire,4
June,2019,New Hampshire,12
July,2019,New Hampshire,15
August,2019,New Hampshire,10
September,2019,New Hampshire,12
October,2019,New Hampshire,8
November,2019,New Hampshire,6
December,2019,New Hampshire,4
January,2016,New Jersey,42
February,2016,New Jersey,40
March,2016,New Jersey,37
April,2016,New Jersey,42
May,2016,New Jersey,49
June,2016,New Jersey,43
July,2016,New Jersey,58
August,2016,New Jersey,58
September,2016,New Jersey,45
October,2016,New Jersey,57
November,2016,New Jersey,48
December,2016,New Jersey,51
January,2017,New Jersey,44
February,2017,New Jersey,24
March,2017,New Jersey,43
April,2017,New Jersey,39
May,2017,New Jersey,42
June,2017,New Jersey,55
July,2017,New Jersey,59
August,2017,New Jersey,49
September,2017,New Jersey,59
October,2017,New Jersey,61
November,2017,New Jersey,63
December,2017,New Jersey,53
January,2018,New Jersey,48
February,2018,New Jersey,36
March,2018,New Jersey,23
April,2018,New Jersey,41
May,2018,New Jersey,46
June,2018,New Jersey,48
July,2018,New Jersey,55
August,2018,New Jersey,36
September,2018,New Jersey,43
October,2018,New Jersey,53
November,2018,New Jersey,51
December,2018,New Jersey,44
January,2019,New Jersey,42
February,2019,New Jersey,35
March,2019,New Jersey,30
April,2019,New Jersey,40
May,2019,New Jersey,43
June,2019,New Jersey,44
July,2019,New Jersey,42
August,2019,New Jersey,50
September,2019,New Jersey,64
October,2019,New Jersey,58
November,2019,New Jersey,28
December,2019,New Jersey,49
January,2016,New Mexico,23
February,2016,New Mexico,29
March,2016,New Mexico,24
April,2016,New Mexico,37
May,2016,New Mexico,30
June,2016,New Mexico,34
July,2016,New Mexico,35
August,2016,New Mexico,28
September,2016,New Mexico,29
October,2016,New Mexico,36
November,2016,New Mexico,27
December,2016,New Mexico,29
January,2017,New Mexico,27
February,2017,New Mexico,26
March,2017,New Mexico,26
April,2017,New Mexico,26
May,2017,New Mexico,24
June,2017,New Mexico,28
July,2017,New Mexico,25
August,2017,New Mexico,32
September,2017,New Mexico,32
October,2017,New Mexico,40
November,2017,New Mexico,22
December,2017,New Mexico,33
January,2018,New Mexico,22
February,2018,New Mexico,24
March,2018,New Mexico,25
April,2018,New Mexico,27
May,2018,New Mexico,27
June,2018,New Mexico,33
July,2018,New Mexico,33
August,2018,New Mexico,31
September,2018,New Mexico,31
October,2018,New Mexico,39
November,2018,New Mexico,31
December,2018,New Mexico,28
January,2019,New Mexico,31
February,2019,New Mexico,24
March,2019,New Mexico,37
April,2019,New Mexico,24
May,2019,New Mexico,38
June,2019,New Mexico,25
July,2019,New Mexico,36
August,2019,New Mexico,30
September,2019,New Mexico,29
October,2019,New Mexico,33
November,2019,New Mexico,24
December,2019,New Mexico,37
January,2016,New York,72
February,2016,New York,68
March,2016,New York,65
April,2016,New York,67
May,2016,New York,85
June,2016,New York,94
July,2016,New York,82
August,2016,New York,89
September,2016,New York,106
October,2016,New York,87
November,2016,New York,72
December,2016,New York,94
January,2017,New York,74
February,2017,New York,61
March,2017,New York,58
April,2017,New York,77
May,2017,New York,73
June,2017,New York,76
July,2017,New York,100
August,2017,New York,96
September,2017,New York,98
October,2017,New York,80
November,2017,New York,81
December,2017,New York,65
January,2018,New York,49
February,2018,New York,61
March,2018,New York,54
April,2018,New York,54
May,2018,New York,67
June,2018,New York,95
July,2018,New York,85
August,2018,New York,101
September,2018,New York,110
October,2018,New York,66
November,2018,New York,84
December,2018,New York,84
January,2019,New York,61
February,2019,New York,52
March,2019,New York,42
April,2019,New York,58
May,2019,New York,83
June,2019,New York,77
July,2019,New York,101
August,2019,New York,92
September,2019,New York,92
October,2019,New York,78
November,2019,New York,62
December,2019,New York,78
January,2016,North Carolina,89
February,2016,North Carolina,79
March,2016,North Carolina,129
April,2016,North Carolina,115
May,2016,North Carolina,114
June,2016,North Carolina,114
July,2016,North Carolina,111
August,2016,North Carolina,107
September,2016,North Carolina,112
October,2016,North Carolina,146
November,2016,North Carolina,109
December,2016,North Carolina,123
January,2017,North Carolina,100
February,2017,North Carolina,119
March,2017,North Carolina,92
April,2017,North Carolina,108
May,2017,North Carolina,110
June,2017,North Carolina,107
July,2017,North Carolina,105
August,2017,North Carolina,98
September,2017,North Carolina,125
October,2017,North Carolina,138
November,2017,North Carolina,103
December,2017,North Carolina,101
January,2018,North Carolina,114
February,2018,North Carolina,99
March,2018,North Carolina,94
April,2018,North Carolina,114
May,2018,North Carolina,116
June,2018,North Carolina,137
July,2018,North Carolina,108
August,2018,North Carolina,108
September,2018,North Carolina,107
October,2018,North Carolina,120
November,2018,North Carolina,128
December,2018,North Carolina,76
January,2019,North Carolina,91
February,2019,North Carolina,89
March,2019,North Carolina,103
April,2019,North Carolina,108
May,2019,North Carolina,137
June,2019,North Carolina,137
July,2019,North Carolina,109
August,2019,North Carolina,102
September,2019,North Carolina,130
October,2019,North Carolina,125
November,2019,North Carolina,124
December,2019,North Carolina,29
January,2016,North Dakota,5
February,2016,North Dakota,4
March,2016,North Dakota,5
April,2016,North Dakota,6
May,2016,North Dakota,13
June,2016,North Dakota,9
July,2016,North Dakota,15
August,2016,North Dakota,12
September,2016,North Dakota,9
October,2016,North Dakota,11
November,2016,North Dakota,10
December,2016,North Dakota,3
January,2017,North Dakota,6
February,2017,North Dakota,6
March,2017,North Dakota,9
April,2017,North Dakota,11
May,2017,North Dakota,7
June,2017,North Dakota,11
July,2017,North Dakota,13
August,2017,North Dakota,16
September,2017,North Dakota,10
October,2017,North Dakota,7
November,2017,North Dakota,6
December,2017,North Dakota,4
January,2018,North Dakota,5
February,2018,North Dakota,1
March,2018,North Dakota,6
April,2018,North Dakota,6
May,2018,North Dakota,6
June,2018,North Dakota,12
July,2018,North Dakota,10
August,2018,North Dakota,9
September,2018,North Dakota,13
October,2018,North Dakota,14
November,2018,North Dakota,5
December,2018,North Dakota,8
January,2019,North Dakota,3
February,2019,North Dakota,4
March,2019,North Dakota,6
April,2019,North Dakota,8
May,2019,North Dakota,9
June,2019,North Dakota,10
July,2019,North Dakota,15
August,2019,North Dakota,9
September,2019,North Dakota,14
October,2019,North Dakota,4
November,2019,North Dakota,2
December,2019,North Dakota,7
January,2016,Ohio,63
February,2016,Ohio,64
March,2016,Ohio,73
April,2016,Ohio,64
May,2016,Ohio,85
June,2016,Ohio,114
July,2016,Ohio,116
August,2016,Ohio,106
September,2016,Ohio,103
October,2016,Ohio,104
November,2016,Ohio,88
December,2016,Ohio,73
January,2017,Ohio,84
February,2017,Ohio,63
March,2017,Ohio,76
April,2017,Ohio,75
May,2017,Ohio,76
June,2017,Ohio,103
July,2017,Ohio,99
August,2017,Ohio,110
September,2017,Ohio,121
October,2017,Ohio,107
November,2017,Ohio,104
December,2017,Ohio,76
January,2018,Ohio,69
February,2018,Ohio,58
March,2018,Ohio,82
April,2018,Ohio,65
May,2018,Ohio,95
June,2018,Ohio,111
July,2018,Ohio,96
August,2018,Ohio,94
September,2018,Ohio,95
October,2018,Ohio,91
November,2018,Ohio,66
December,2018,Ohio,74
January,2019,Ohio,66
February,2019,Ohio,59
March,2019,Ohio,78
April,2019,Ohio,64
May,2019,Ohio,83
June,2019,Ohio,95
July,2019,Ohio,103
August,2019,Ohio,115
September,2019,Ohio,115
October,2019,Ohio,93
November,2019,Ohio,85
December,2019,Ohio,83
January,2016,Oklahoma,47
February,2016,Oklahoma,38
March,2016,Oklahoma,54
April,2016,Oklahoma,53
May,2016,Oklahoma,58
June,2016,Oklahoma,53
July,2016,Oklahoma,43
August,2016,Oklahoma,64
September,2016,Oklahoma,51
October,2016,Oklahoma,52
November,2016,Oklahoma,56
December,2016,Oklahoma,59
January,2017,Oklahoma,41
February,2017,Oklahoma,40
March,2017,Oklahoma,53
April,2017,Oklahoma,51
May,2017,Oklahoma,46
June,2017,Oklahoma,45
July,2017,Oklahoma,64
August,2017,Oklahoma,53
September,2017,Oklahoma,47
October,2017,Oklahoma,48
November,2017,Oklahoma,67
December,2017,Oklahoma,58
January,2018,Oklahoma,44
February,2018,Oklahoma,46
March,2018,Oklahoma,50
April,2018,Oklahoma,38
May,2018,Oklahoma,54
June,2018,Oklahoma,68
July,2018,Oklahoma,59
August,2018,Oklahoma,56
September,2018,Oklahoma,48
October,2018,Oklahoma,57
November,2018,Oklahoma,40
December,2018,Oklahoma,43
January,2019,Oklahoma,44
February,2019,Oklahoma,34
March,2019,Oklahoma,42
April,2019,Oklahoma,42
May,2019,Oklahoma,43
June,2019,Oklahoma,61
July,2019,Oklahoma,67
August,2019,Oklahoma,44
September,2019,Oklahoma,47
October,2019,Oklahoma,53
November,2019,Oklahoma,52
December,2019,Oklahoma,55
January,2016,Oregon,35
February,2016,Oregon,22
March,2016,Oregon,35
April,2016,Oregon,42
May,2016,Oregon,32
June,2016,Oregon,34
July,2016,Oregon,42
August,2016,Oregon,47
September,2016,Oregon,52
October,2016,Oregon,29
November,2016,Oregon,40
December,2016,Oregon,38
January,2017,Oregon,23
February,2017,Oregon,14
March,2017,Oregon,33
April,2017,Oregon,27
May,2017,Oregon,33
June,2017,Oregon,43
July,2017,Oregon,44
August,2017,Oregon,33
September,2017,Oregon,35
October,2017,Oregon,41
November,2017,Oregon,38
December,2017,Oregon,39
January,2018,Oregon,29
February,2018,Oregon,22
March,2018,Oregon,41
April,2018,Oregon,27
May,2018,Oregon,36
June,2018,Oregon,45
July,2018,Oregon,44
August,2018,Oregon,38
September,2018,Oregon,47
October,2018,Oregon,39
November,2018,Oregon,35
December,2018,Oregon,43
January,2019,Oregon,32
February,2019,Oregon,29
March,2019,Oregon,41
April,2019,Oregon,30
May,2019,Oregon,26
June,2019,Oregon,51
July,2019,Oregon,42
August,2019,Oregon,46
September,2019,Oregon,52
October,2019,Oregon,34
November,2019,Oregon,35
December,2019,Oregon,33
January,2016,Pennsylvania,69
February,2016,Pennsylvania,74
March,2016,Pennsylvania,73
April,2016,Pennsylvania,84
May,2016,Pennsylvania,104
June,2016,Pennsylvania,111
July,2016,Pennsylvania,90
August,2016,Pennsylvania,99
September,2016,Pennsylvania,105
October,2016,Pennsylvania,106
November,2016,Pennsylvania,98
December,2016,Pennsylvania,75
January,2017,Pennsylvania,90
February,2017,Pennsylvania,66
March,2017,Pennsylvania,71
April,2017,Pennsylvania,90
May,2017,Pennsylvania,83
June,2017,Pennsylvania,111
July,2017,Pennsylvania,116
August,2017,Pennsylvania,98
September,2017,Pennsylvania,95
October,2017,Pennsylvania,112
November,2017,Pennsylvania,68
December,2017,Pennsylvania,83
January,2018,Pennsylvania,92
February,2018,Pennsylvania,75
March,2018,Pennsylvania,83
April,2018,Pennsylvania,71
May,2018,Pennsylvania,87
June,2018,Pennsylvania,89
July,2018,Pennsylvania,105
August,2018,Pennsylvania,99
September,2018,Pennsylvania,111
October,2018,Pennsylvania,116
November,2018,Pennsylvania,91
December,2018,Pennsylvania,84
January,2019,Pennsylvania,73
February,2019,Pennsylvania,65
March,2019,Pennsylvania,67
April,2019,Pennsylvania,93
May,2019,Pennsylvania,84
June,2019,Pennsylvania,100
July,2019,Pennsylvania,91
August,2019,Pennsylvania,84
September,2019,Pennsylvania,91
October,2019,Pennsylvania,91
November,2019,Pennsylvania,65
December,2019,Pennsylvania,86
January,2016,Rhode Island,4
February,2016,Rhode Island,4
March,2016,Rhode Island,5
April,2016,Rhode Island,1
May,2016,Rhode Island,5
June,2016,Rhode Island,2
July,2016,Rhode Island,5
August,2016,Rhode Island,6
September,2016,Rhode Island,7
October,2016,Rhode Island,3
November,2016,Rhode Island,1
December,2016,Rhode Island,5
January,2017,Rhode Island,3
February,2017,Rhode Island,8
March,2017,Rhode Island,3
April,2017,Rhode Island,6
May,2017,Rhode Island,7
June,2017,Rhode Island,8
July,2017,Rhode Island,7
August,2017,Rhode Island,11
September,2017,Rhode Island,3
October,2017,Rhode Island,11
November,2017,Rhode Island,6
December,2017,Rhode Island,4
January,2018,Rhode Island,4
February,2018,Rhode Island,4
March,2018,Rhode Island,2
April,2018,Rhode Island,5
May,2018,Rhode Island,5
June,2018,Rhode Island,6
July,2018,Rhode Island,5
August,2018,Rhode Island,2
September,2018,Rhode Island,7
October,2018,Rhode Island,7
November,2018,Rhode Island,5
December,2018,Rhode Island,4
January,2019,Rhode Island,6
February,2019,Rhode Island,2
March,2019,Rhode Island,3
April,2019,Rhode Island,4
May,2019,Rhode Island,2
June,2019,Rhode Island,6
July,2019,Rhode Island,6
August,2019,Rhode Island,4
September,2019,Rhode Island,5
October,2019,Rhode Island,5
November,2019,Rhode Island,6
December,2019,Rhode Island,4
January,2016,South Carolina,69
February,2016,South Carolina,66
March,2016,South Carolina,89
April,2016,South Carolina,64
May,2016,South Carolina,86
June,2016,South Carolina,82
July,2016,South Carolina,77
August,2016,South Carolina,88
September,2016,South Carolina,78
October,2016,South Carolina,83
November,2016,South Carolina,91
December,2016,South Carolina,68
January,2017,South Carolina,78
February,2017,South Carolina,72
March,2017,South Carolina,75
April,2017,South Carolina,86
May,2017,South Carolina,90
June,2017,South Carolina,71
July,2017,South Carolina,71
August,2017,South Carolina,63
September,2017,South Carolina,74
October,2017,South Carolina,90
November,2017,South Carolina,77
December,2017,South Carolina,78
January,2018,South Carolina,61
February,2018,South Carolina,64
March,2018,South Carolina,77
April,2018,South Carolina,87
May,2018,South Carolina,90
June,2018,South Carolina,89
July,2018,South Carolina,67
August,2018,South Carolina,102
September,2018,South Carolina,85
October,2018,South Carolina,102
November,2018,South Carolina,75
December,2018,South Carolina,70
January,2019,South Carolina,79
February,2019,South Carolina,59
March,2019,South Carolina,80
April,2019,South Carolina,71
May,2019,South Carolina,93
June,2019,South Carolina,60
July,2019,South Carolina,88
August,2019,South Carolina,74
September,2019,South Carolina,89
October,2019,South Carolina,76
November,2019,South Carolina,85
December,2019,South Carolina,68
January,2016,South Dakota,4
February,2016,South Dakota,7
March,2016,South Dakota,6
April,2016,South Dakota,10
May,2016,South Dakota,7
June,2016,South Dakota,8
July,2016,South Dakota,12
August,2016,South Dakota,14
September,2016,South Dakota,9
October,2016,South Dakota,16
November,2016,South Dakota,7
December,2016,South Dakota,3
January,2017,South Dakota,6
February,2017,South Dakota,1
March,2017,South Dakota,8
April,2017,South Dakota,3
May,2017,South Dakota,10
June,2017,South Dakota,5
July,2017,South Dakota,11
August,2017,South Dakota,16
September,2017,South Dakota,14
October,2017,South Dakota,13
November,2017,South Dakota,15
December,2017,South Dakota,9
January,2018,South Dakota,8
February,2018,South Dakota,3
March,2018,South Dakota,9
April,2018,South Dakota,6
May,2018,South Dakota,15
June,2018,South Dakota,9
July,2018,South Dakota,8
August,2018,South Dakota,17
September,2018,South Dakota,5
October,2018,South Dakota,9
November,2018,South Dakota,10
December,2018,South Dakota,11
January,2019,South Dakota,4
February,2019,South Dakota,3
March,2019,South Dakota,5
April,2019,South Dakota,6
May,2019,South Dakota,4
June,2019,South Dakota,9
July,2019,South Dakota,9
August,2019,South Dakota,8
September,2019,South Dakota,11
October,2019,South Dakota,14
November,2019,South Dakota,10
December,2019,South Dakota,5
January,2016,Tennessee,55
February,2016,Tennessee,69
March,2016,Tennessee,82
April,2016,Tennessee,72
May,2016,Tennessee,98
June,2016,Tennessee,85
July,2016,Tennessee,73
August,2016,Tennessee,88
September,2016,Tennessee,77
October,2016,Tennessee,97
November,2016,Tennessee,91
December,2016,Tennessee,75
January,2017,Tennessee,70
February,2017,Tennessee,67
March,2017,Tennessee,71
April,2017,Tennessee,77
May,2017,Tennessee,86
June,2017,Tennessee,74
July,2017,Tennessee,113
August,2017,Tennessee,76
September,2017,Tennessee,85
October,2017,Tennessee,78
November,2017,Tennessee,70
December,2017,Tennessee,75
January,2018,Tennessee,63
February,2018,Tennessee,63
March,2018,Tennessee,73
April,2018,Tennessee,61
May,2018,Tennessee,88
June,2018,Tennessee,91
July,2018,Tennessee,99
August,2018,Tennessee,97
September,2018,Tennessee,92
October,2018,Tennessee,77
November,2018,Tennessee,88
December,2018,Tennessee,81
January,2019,Tennessee,68
February,2019,Tennessee,73
March,2019,Tennessee,62
April,2019,Tennessee,82
May,2019,Tennessee,100
June,2019,Tennessee,97
July,2019,Tennessee,93
August,2019,Tennessee,89
September,2019,Tennessee,105
October,2019,Tennessee,96
November,2019,Tennessee,81
December,2019,Tennessee,94
January,2016,Texas,264
February,2016,Texas,282
March,2016,Texas,280
April,2016,Texas,263
May,2016,Texas,297
June,2016,Texas,274
July,2016,Texas,287
August,2016,Texas,278
September,2016,Texas,266
October,2016,Texas,342
November,2016,Texas,320
December,2016,Texas,274
January,2017,Texas,267
February,2017,Texas,235
March,2017,Texas,282
April,2017,Texas,249
May,2017,Texas,286
June,2017,Texas,247
July,2017,Texas,313
August,2017,Texas,282
September,2017,Texas,272
October,2017,Texas,314
November,2017,Texas,314
December,2017,Texas,291
January,2018,Texas,297
February,2018,Texas,259
March,2018,Texas,280
April,2018,Texas,260
May,2018,Texas,293
June,2018,Texas,277
July,2018,Texas,293
August,2018,Texas,256
September,2018,Texas,232
October,2018,Texas,298
November,2018,Texas,305
December,2018,Texas,261
January,2019,Texas,248
February,2019,Texas,228
March,2019,Texas,261
April,2019,Texas,284
May,2019,Texas,272
June,2019,Texas,271
July,2019,Texas,286
August,2019,Texas,273
September,2019,Texas,284
October,2019,Texas,292
November,2019,Texas,285
December,2019,Texas,310
January,2016,Utah,13
February,2016,Utah,16
March,2016,Utah,14
April,2016,Utah,23
May,2016,Utah,28
June,2016,Utah,30
July,2016,Utah,30
August,2016,Utah,15
September,2016,Utah,27
October,2016,Utah,27
November,2016,Utah,25
December,2016,Utah,11
January,2017,Utah,16
February,2017,Utah,15
March,2017,Utah,16
April,2017,Utah,16
May,2017,Utah,21
June,2017,Utah,23
July,2017,Utah,25
August,2017,Utah,26
September,2017,Utah,27
October,2017,Utah,18
November,2017,Utah,26
December,2017,Utah,18
January,2018,Utah,15
February,2018,Utah,13
March,2018,Utah,21
April,2018,Utah,16
May,2018,Utah,21
June,2018,Utah,24
July,2018,Utah,27
August,2018,Utah,32
September,2018,Utah,26
October,2018,Utah,19
November,2018,Utah,11
December,2018,Utah,12
January,2019,Utah,14
February,2019,Utah,11
March,2019,Utah,19
April,2019,Utah,16
May,2019,Utah,22
June,2019,Utah,15
July,2019,Utah,19
August,2019,Utah,20
September,2019,Utah,25
October,2019,Utah,18
November,2019,Utah,27
December,2019,Utah,19
January,2016,Vermont,3
February,2016,Vermont,2
March,2016,Vermont,6
April,2016,Vermont,6
May,2016,Vermont,7
June,2016,Vermont,3
July,2016,Vermont,4
August,2016,Vermont,5
September,2016,Vermont,6
October,2016,Vermont,3
November,2016,Vermont,6
December,2016,Vermont,6
January,2017,Vermont,3
February,2017,Vermont,7
March,2017,Vermont,3
April,2017,Vermont,2
May,2017,Vermont,3
June,2017,Vermont,6
July,2017,Vermont,5
August,2017,Vermont,8
September,2017,Vermont,10
October,2017,Vermont,6
November,2017,Vermont,7
December,2017,Vermont,3
January,2018,Vermont,2
February,2018,Vermont,3
March,2018,Vermont,1
April,2018,Vermont,5
May,2018,Vermont,4
June,2018,Vermont,8
July,2018,Vermont,8
August,2018,Vermont,5
September,2018,Vermont,7
October,2018,Vermont,3
November,2018,Vermont,5
December,2018,Vermont,9
January,2019,Vermont,2
February,2019,Vermont,0
March,2019,Vermont,2
April,2019,Vermont,1
May,2019,Vermont,2
June,2019,Vermont,4
July,2019,Vermont,2
August,2019,Vermont,7
September,2019,Vermont,4
October,2019,Vermont,9
November,2019,Vermont,4
December,2019,Vermont,7
January,2016,Virginia,47
February,2016,Virginia,51
March,2016,Virginia,55
April,2016,Virginia,53
May,2016,Virginia,58
June,2016,Virginia,65
July,2016,Virginia,50
August,2016,Virginia,71
September,2016,Virginia,50
October,2016,Virginia,66
November,2016,Virginia,69
December,2016,Virginia,87
January,2017,Virginia,49
February,2017,Virginia,42
March,2017,Virginia,60
April,2017,Virginia,74
May,2017,Virginia,59
June,2017,Virginia,78
July,2017,Virginia,65
August,2017,Virginia,78
September,2017,Virginia,67
October,2017,Virginia,72
November,2017,Virginia,76
December,2017,Virginia,63
January,2018,Virginia,58
February,2018,Virginia,58
March,2018,Virginia,61
April,2018,Virginia,61
May,2018,Virginia,62
June,2018,Virginia,71
July,2018,Virginia,69
August,2018,Virginia,53
September,2018,Virginia,69
October,2018,Virginia,88
November,2018,Virginia,64
December,2018,Virginia,64
January,2019,Virginia,63
February,2019,Virginia,55
March,2019,Virginia,57
April,2019,Virginia,60
May,2019,Virginia,66
June,2019,Virginia,62
July,2019,Virginia,55
August,2019,Virginia,69
September,2019,Virginia,79
October,2019,Virginia,78
November,2019,Virginia,70
December,2019,Virginia,60
January,2016,Washington,24
February,2016,Washington,35
March,2016,Washington,42
April,2016,Washington,34
May,2016,Washington,41
June,2016,Washington,48
July,2016,Washington,52
August,2016,Washington,52
September,2016,Washington,53
October,2016,Washington,36
November,2016,Washington,44
December,2016,Washington,43
January,2017,Washington,42
February,2017,Washington,35
March,2017,Washington,32
April,2017,Washington,34
May,2017,Washington,44
June,2017,Washington,37
July,2017,Washington,63
August,2017,Washington,57
September,2017,Washington,59
October,2017,Washington,46
November,2017,Washington,39
December,2017,Washington,46
January,2018,Washington,34
February,2018,Washington,27
March,2018,Washington,37
April,2018,Washington,28
May,2018,Washington,39
June,2018,Washington,48
July,2018,Washington,68
August,2018,Washington,39
September,2018,Washington,34
October,2018,Washington,47
November,2018,Washington,47
December,2018,Washington,42
January,2019,Washington,45
February,2019,Washington,25
March,2019,Washington,45
April,2019,Washington,30
May,2019,Washington,37
June,2019,Washington,47
July,2019,Washington,51
August,2019,Washington,39
September,2019,Washington,39
October,2019,Washington,42
November,2019,Washington,41
December,2019,Washington,53
January,2016,West Virginia,19
February,2016,West Virginia,17
March,2016,West Virginia,18
April,2016,West Virginia,14
May,2016,West Virginia,16
June,2016,West Virginia,21
July,2016,West Virginia,22
August,2016,West Virginia,30
September,2016,West Virginia,29
October,2016,West Virginia,23
November,2016,West Virginia,15
December,2016,West Virginia,26
January,2017,West Virginia,17
February,2017,West Virginia,10
March,2017,West Virginia,16
April,2017,West Virginia,30
May,2017,West Virginia,27
June,2017,West Virginia,24
July,2017,West Virginia,32
August,2017,West Virginia,27
September,2017,West Virginia,20
October,2017,West Virginia,32
November,2017,West Virginia,29
December,2017,West Virginia,16
January,2018,West Virginia,14
February,2018,West Virginia,14
March,2018,West Virginia,21
April,2018,West Virginia,23
May,2018,West Virginia,24
June,2018,West Virginia,26
July,2018,West Virginia,19
August,2018,West Virginia,28
September,2018,West Virginia,31
October,2018,West Virginia,27
November,2018,West Virginia,22
December,2018,West Virginia,16
January,2019,West Virginia,19
February,2019,West Virginia,11
March,2019,West Virginia,23
April,2019,West Virginia,14
May,2019,West Virginia,27
June,2019,West Virginia,20
July,2019,West Virginia,19
August,2019,West Virginia,25
September,2019,West Virginia,24
October,2019,West Virginia,28
November,2019,West Virginia,17
December,2019,West Virginia,20
January,2016,Wisconsin,30
February,2016,Wisconsin,50
March,2016,Wisconsin,34
April,2016,Wisconsin,39
May,2016,Wisconsin,46
June,2016,Wisconsin,54
July,2016,Wisconsin,62
August,2016,Wisconsin,50
September,2016,Wisconsin,46
October,2016,Wisconsin,42
November,2016,Wisconsin,65
December,2016,Wisconsin,26
January,2017,Wisconsin,36
February,2017,Wisconsin,34
March,2017,Wisconsin,32
April,2017,Wisconsin,49
May,2017,Wisconsin,43
June,2017,Wisconsin,61
July,2017,Wisconsin,68
August,2017,Wisconsin,55
September,2017,Wisconsin,48
October,2017,Wisconsin,51
November,2017,Wisconsin,44
December,2017,Wisconsin,36
January,2018,Wisconsin,49
February,2018,Wisconsin,35
March,2018,Wisconsin,31
April,2018,Wisconsin,29
May,2018,Wisconsin,42
June,2018,Wisconsin,58
July,2018,Wisconsin,64
August,2018,Wisconsin,53
September,2018,Wisconsin,51
October,2018,Wisconsin,47
November,2018,Wisconsin,34
December,2018,Wisconsin,38
January,2019,Wisconsin,34
February,2019,Wisconsin,33
March,2019,Wisconsin,27
April,2019,Wisconsin,37
May,2019,Wisconsin,45
June,2019,Wisconsin,41
July,2019,Wisconsin,49
August,2019,Wisconsin,73
September,2019,Wisconsin,62
October,2019,Wisconsin,51
November,2019,Wisconsin,43
December,2019,Wisconsin,31
January,2016,Wyoming,5
February,2016,Wyoming,3
March,2016,Wyoming,3
April,2016,Wyoming,3
May,2016,Wyoming,11
June,2016,Wyoming,14
July,2016,Wyoming,10
August,2016,Wyoming,22
September,2016,Wyoming,11
October,2016,Wyoming,7
November,2016,Wyoming,8
December,2016,Wyoming,3
January,2017,Wyoming,6
February,2017,Wyoming,4
March,2017,Wyoming,8
April,2017,Wyoming,12
May,2017,Wyoming,7
June,2017,Wyoming,18
July,2017,Wyoming,14
August,2017,Wyoming,17
September,2017,Wyoming,7
October,2017,Wyoming,3
November,2017,Wyoming,5
December,2017,Wyoming,4
January,2018,Wyoming,5
February,2018,Wyoming,4
March,2018,Wyoming,11
April,2018,Wyoming,6
May,2018,Wyoming,10
June,2018,Wyoming,7
July,2018,Wyoming,13
August,2018,Wyoming,8
September,2018,Wyoming,15
October,2018,Wyoming,11
November,2018,Wyoming,5
December,2018,Wyoming,5
January,2019,Wyoming,9
February,2019,Wyoming,4
March,2019,Wyoming,13
April,2019,Wyoming,13
May,2019,Wyoming,10
June,2019,Wyoming,15
July,2019,Wyoming,10
August,2019,Wyoming,10
September,2019,Wyoming,14
October,2019,Wyoming,8
November,2019,Wyoming,9
December,2019,Wyoming,5
